{
    "mse": 7.263676956271577,
    "mae": 0.9413492520138087,
    "r2": 0.9997706116342816
}