{
    "model_name": "DecisionTree",
    "mse": 27.526179516685847,
    "mae": 2.257479861910242,
    "r2": 0.9991307177656967
}