{
    "model_name": "XGBoost",
    "mse": 17.251934207342455,
    "mae": 2.0960011363921147,
    "r2": 0.9994551804799239
}