{
    "model_name": "LinearRegression",
    "mse": 8.207450183541506e-22,
    "mae": 2.4748309749815513e-11,
    "r2": 1.0
}