{
    "model_name": "DecisionTree",
    "mse": 24.103279631760646,
    "mae": 2.2241081703107017,
    "r2": 0.999238813626147
}