{
    "model_name": "RandomForest",
    "mse": 6.916734522439589,
    "mae": 0.9296432681242809,
    "r2": 0.9997815681454775
}