{
    "model_name": "LinearRegression",
    "mse": 8.187063952450556e-22,
    "mae": 2.4689398396842812e-11,
    "r2": 1.0
}