{
    "mse": 27.689873417721518,
    "mae": 2.2681242807825086,
    "r2": 0.9991255482796826
}