{
    "model_name": "RandomForest",
    "mse": 7.5617411967779,
    "mae": 0.954315304948216,
    "r2": 0.9997611987061709
}